Wikipedia  Names,Position,Joined Congress,ODU-WSDL,CSPAN,TweetCongress,Github,District
Don Young ,Rep,5-Dec-17,RepDonYoung,RepDonYoung,RepDonYoung,RepDonYoung,AK-0
Bradley Byrne ,Rep,8-Jan-14,RepByrne,RepByrne,RepByrne,RepByrne,AL-1
Martha Roby ,Rep,3-Jan-11,RepMarthaRoby,RepMarthaRoby,RepMarthaRoby,RepMarthaRoby,AL-2
Mike Rogers ,Rep,3-Jan-03,RepMikeRogersAL,RepMikeRogersAL,RepMikeRogersAL,RepMikeRogersAL,AL-3
Robert Aderholt ,Rep,3-Jan-97,Robert_Aderholt,Robert_Aderholt,Robert_Aderholt,Robert_Aderholt,AL-4
Mo Brooks ,Rep,3-Jan-11,RepMoBrooks,RepMoBrooks,RepMoBrooks,RepMoBrooks,AL-5
Gary Palmer ,Rep,3-Jan-15,USRepGaryPalmer,USRepGaryPalmer,USRepGaryPalmer,USRepGaryPalmer,AL-6
Terri Sewell ,Rep,3-Jan-11,RepTerriSewell,RepTerriSewell,RepTerriSewell,RepTerriSewell,AL-7
Rick Crawford ,Rep,3-Jan-11,RepRickCrawford,RepRickCrawford,RepRickCrawford,RepRickCrawford,AR-1
French Hill ,Rep,3-Jan-15,RepFrenchHill,RepFrenchHill,RepFrenchHill,RepFrenchHill,AR-2
Steve Womack ,Rep,3-Jan-11,Rep_SteveWomack,Rep_SteveWomack,Rep_SteveWomack,Rep_SteveWomack,AR-3
Bruce Westerman ,Rep,3-Jan-15,RepWesterman,RepWesterman,RepWesterman,RepWesterman,AR-4
Amata Coleman Radewagen,Rep,3-Jan-15,RepAmata,RepAmata,RepAmata,RepAmata,AS-0
Tom O'Halleran ,Rep,3-Jan-17,repohalleran,repohalleran,repohalleran,repohalleran,AZ-1
Ann Kirkpatrick ,Rep,3-Jan-19,RepKirkpatrick,RepKirkpatrick,RepKirkpatrick,RepKirkpatrick,AZ-2
Raúl Grijalva ,Rep,3-Jan-03,RepraulGrijalva,RepraulGrijalva,RepraulGrijalva,RepraulGrijalva,AZ-3
Paul Gosar ,Rep,3-Jan-11,RepGosar,RepGosar,RepGosar,RepGosar,AZ-4
Andy Biggs ,Rep,3-Jan-17,RepAndyBiggsAZ,RepAndyBiggsAZ,RepAndyBiggsAZ,RepAndyBiggsAZ,AZ-5
David Schweikert ,Rep,3-Jan-13,RepDavid,RepDavid,RepDavid,RepDavid,AZ-6
Ruben Gallego ,Rep,3-Jan-15,RepRubenGallego,RepRubenGallego,RepRubenGallego,RepRubenGallego,AZ-7
Debbie Lesko ,Rep,7-May-18,RepDLesko,RepDLesko,RepDLesko,RepDLesko,AZ-8
Greg Stanton ,Rep,3-Jan-19,RepGregStanton,RepGregStanton,RepGregStanton,RepGregStanton,AZ-9
Doug LaMalfa ,Rep,3-Jan-13,RepLaMalfa,RepLaMalfa,RepLaMalfa,RepLaMalfa,CA-1
Josh Harder ,Rep,3-Jan-19,RepJoshHarder,RepJoshHarder,RepJoshHarder,RepJoshHarder,CA-10
Mark DeSaulnier ,Rep,3-Jan-15,RepDeSaulnier,RepDeSaulnier,RepDeSaulnier,RepDeSaulnier,CA-11
Nancy Pelosi ,Rep,2-Jun-87,SpeakerPelosi,SpeakerPelosi,SpeakerPelosi,SpeakerPelosi,CA-12
Barbara Lee ,Rep,21-Apr-98,RepBarbaraLee,RepBarbaraLee,RepBarbaraLee,RepBarbaraLee,CA-13
Jackie Speier ,Rep,3-Jan-13,RepSpeier,RepSpeier,RepSpeier,RepSpeier,CA-14
Eric Swalwell ,Rep,3-Jan-13,RepSwalwell,RepSwalwell,RepSwalwell,RepSwalwell,CA-15
Jim Costa ,Rep,3-Jan-05,RepJimCosta,RepJimCosta,RepJimCosta,RepJimCosta,CA-16
Ro Khanna ,Rep,3-Jan-17,RepRoKhanna,RepRoKhanna,RepRoKhanna,RepRoKhanna,CA-17
Anna Eshoo ,Rep,3-Jan-13,RepAnnaEshoo,RepAnnaEshoo,RepAnnaEshoo,RepAnnaEshoo,CA-18
Zoe Lofgren ,Rep,3-Jan-95,RepZoeLofgren,RepZoeLofgren,RepZoeLofgren,RepZoeLofgren,CA-19
Jared Huffman ,Rep,3-Jan-13,RepHuffman,RepHuffman,RepHuffman,RepHuffman,CA-2
Jimmy Panetta ,Rep,3-Jan-17,RepJimmyPanetta,RepJimmyPanetta,RepJimmyPanetta,RepJimmyPanetta,CA-20
TJ Cox ,Rep,3-Jan-19,RepTjCox,RepTjCox,RepTjCox,RepTjCox,CA-21
Devin Nunes ,Rep,3-Jan-03,RepDevinNunes,RepDevinNunes,RepDevinNunes,RepDevinNunes,CA-22
Kevin McCarthy ,Rep,3-Jan-07,GOPLeader,GOPLeader,GOPLeader,GOPLeader,CA-23
Salud Carbajal ,Rep,3-Jan-17,RepCarbajal,RepCarbajal,RepCarbajal,RepCarbajal,CA-24
Katie Hill ,Rep,3-Jan-19,RepKatieHill,RepKatieHill,RepKatieHill,RepKatieHill,CA-25
Julia Brownley ,Rep,3-Jan-13,RepBrownley,RepBrownley,JuliaBrownley26,JuliaBrownley26,CA-26
Judy Chu ,Rep,14-Jul-09,RepJudyChu,RepJudyChu,RepJudyChu,RepJudyChu,CA-27
Adam Schiff ,Rep,3-Jan-01,RepAdamSchiff,RepAdamSchiff,RepAdamSchiff,RepAdamSchiff,CA-28
Tony Cárdenas ,Rep,3-Jan-13,RepCardenas,RepCardenas,RepCardenas,RepCardenas,CA-29
John Garamendi ,Rep,3-Nov-09,RepGaramendi,RepGaramendi,RepGaramendi,RepGaramendi,CA-3
Brad Sherman ,Rep,3-Jan-97,BradSherman,BradSherman,BradSherman,BradSherman,CA-30
Pete Aguilar ,Rep,3-Jan-15,reppeteaguilar,reppeteaguilar,reppeteaguilar,reppeteaguilar,CA-31
Grace Napolitano ,Rep,3-Jan-99,GraceNapolitano,GraceNapolitano,GraceNapolitano,GraceNapolitano,CA-32
Ted Lieu ,Rep,3-Jan-15,RepTedLieu,RepTedLieu,RepTedLieu,RepTedLieu,CA-33
Jimmy Gomez ,Rep,11-Jul-17,RepJimmyGomez,RepJimmyGomez,RepJimmyGomez,RepJimmyGomez,CA-34
Norma Torres ,Rep,3-Jan-15,NormaJTorres,NormaJTorres,NormaJTorres,NormaJTorres,CA-35
Raul Ruiz ,Rep,3-Jan-13,CongressmanRuiz,CongressmanRuiz,CongressmanRuiz,CongressmanRuiz,CA-36
Karen Bass ,Rep,3-Jan-11,RepKarenBass,RepKarenBass,RepKarenBass,RepKarenBass,CA-37
Linda Sánchez ,Rep,3-Jan-03,RepLindaSanchez,RepLindaSanchez,RepLindaSanchez,RepLindaSanchez,CA-38
Gil Cisneros ,Rep,3-Jan-19,RepGilCisneros,RepGilCisneros,RepGilCisneros,RepGilCisneros,CA-39
Tom McClintock ,Rep,3-Jan-09,RepMcClintock,RepMcClintock,RepMcClintock,RepMcClintock,CA-4
Lucille Roybal-Allard ,Rep,3-Jan-93,RepRoybalAllard,RepRoybalAllard,RepRoybalAllard,RepRoybalAllard,CA-40
Mark Takano ,Rep,3-Jan-13,RepMarkTakano,RepMarkTakano,RepMarkTakano,RepMarkTakano,CA-41
Ken Calvert ,Rep,3-Jan-13,KenCalvert,KenCalvert,KenCalvert,KenCalvert,CA-42
Maxine Waters ,Rep,3-Jan-91,RepMaxineWaters,RepMaxineWaters,RepMaxineWaters,RepMaxineWaters,CA-43
Nanette Barragán ,Rep,3-Jan-17,RepBarragan,RepBarragan,RepBarragan,RepBarragan,CA-44
Katie Porter ,Rep,3-Jan-19,RepKatiePorter,RepKatiePorter,RepKatiePorter,RepKatiePorter,CA-45
Lou Correa ,Rep,3-Jan-17,RepLouCorrea,RepLouCorrea,RepLouCorrea,RepLouCorrea,CA-46
Alan Lowenthal ,Rep,3-Jan-13,RepLowenthal,RepLowenthal,RepLowenthal,RepLowenthal,CA-47
Harley Rouda ,Rep,3-Jan-19,RepHarley,RepHarley,RepHarley,RepHarley,CA-48
Mike Levin ,Rep,3-Jan-19,RepMikeLevin,RepMikeLevin,RepMikeLevin,RepMikeLevin,CA-49
Mike Thompson ,Rep,3-Jan-99,RepThompson,RepThompson,RepThompson,RepThompson,CA-5
Duncan D. Hunter,Rep,3-Jan-13,Rep_Hunter,Rep_Hunter,Rep_Hunter,Rep_Hunter,CA-50
Juan Vargas ,Rep,3-Jan-13,RepJuanVargas,RepJuanVargas,RepJuanVargas,RepJuanVargas,CA-51
Scott Peters ,Rep,3-Jan-13,RepScottPeters,RepScottPeters,RepScottPeters,RepScottPeters,CA-52
Susan Davis ,Rep,3-Jan-01,RepSusanDavis,RepSusanDavis,RepSusanDavis,RepSusanDavis,CA-53
Doris Matsui ,Rep,10-Mar-05,DorisMatsui,DorisMatsui,DorisMatsui,DorisMatsui,CA-6
Ami Bera ,Rep,3-Jan-13,RepBera,RepBera,RepBera,RepBera,CA-7
Paul Cook ,Rep,3-Jan-13,RepPaulCook,RepPaulCook,RepPaulCook,RepPaulCook,CA-8
Jerry McNerney ,Rep,3-Jan-07,RepMcNerney,RepMcNerney,RepMcNerney,RepMcNerney,CA-9
Diana DeGette ,Rep,3-Jan-97,RepDianaDeGette,RepDianaDeGette,RepDianaDeGette,RepDianaDeGette,CO-1
Joe Neguse ,Rep,3-Jan-19,RepJoeNeguse,RepJoeNeguse,RepJoeNeguse,RepJoeNeguse,CO-2
Scott Tipton ,Rep,3-Jan-11,RepTipton,RepTipton,RepTipton,RepTipton,CO-3
Ken Buck ,Rep,3-Jan-15,RepKenBuck,RepKenBuck,RepKenBuck,RepKenBuck,CO-4
Doug Lamborn ,Rep,3-Jan-07,RepDLamborn,RepDLamborn,RepDLamborn,RepDLamborn,CO-5
Jason Crow ,Rep,3-Jan-19,RepJasonCrow,RepJasonCrow,RepJasonCrow,RepJasonCrow,CO-6
Ed Perlmutter ,Rep,3-Jan-07,RepPerlmutter,RepPerlmutter,RepPerlmutter,RepPerlmutter,CO-7
John B. Larson,Rep,3-Jan-99,RepJohnLarson,RepJohnLarson,RepJohnLarson,RepJohnLarson,CT-1
John Yarmuth ,Rep,3-Jan-07,RepJohnYarmuth,RepJohnYarmuth,RepJohnYarmuth,RepJohnYarmuth,CT-1
Joe Courtney ,Rep,3-Jan-07,RepJoeCourtney,RepJoeCourtney,RepJoeCourtney,RepJoeCourtney,CT-2
Rosa DeLauro ,Rep,3-Jan-91,RosaDeLauro,RosaDeLauro,RosaDeLauro,RosaDeLauro,CT-3
Jim Himes ,Rep,3-Jan-09,jahimes,jahimes,jahimes,jahimes,CT-4
Jahana Hayes ,Rep,3-Jan-19,RepJahanaHayes,RepJahanaHayes,RepJahanaHayes,RepJahanaHayes,CT-5
Eleanor Holmes Norton,Rep,3-Jan-91,EleanorNorton,EleanorNorton,EleanorNorton,EleanorNorton,DC-0
Lisa Blunt Rochester,Rep,3-Jan-17,RepLBR,RepLBR,RepLBR,RepLBR,DE-0
Matt Gaetz ,Rep,3-Jan-17,RepMattGaetz,RepMattGaetz,RepMattGaetz,RepMattGaetz,FL-1
Val Demings ,Rep,3-Jan-17,RepValDemings,RepValDemings,RepValDemings,RepValDemings,FL-10
Daniel Webster ,Rep,3-Jan-11,RepWebster,RepWebster,RepWebster,RepWebster,FL-11
Gus Bilirakis ,Rep,3-Jan-07,RepGusBilirakis,RepGusBilirakis,RepGusBilirakis,RepGusBilirakis,FL-12
Charlie Crist ,Rep,3-Jan-17,repcharliecrist,repcharliecrist,repcharliecrist,repcharliecrist,FL-13
Kathy Castor ,Rep,3-Jan-07,USRepKCastor,USRepKCastor,USRepKCastor,USRepKCastor,FL-14
Ross Spano ,Rep,3-Jan-19,RepRossSpano,RepRossSpano,RepRossSpano,RepRossSpano,FL-15
Vern Buchanan ,Rep,3-Jan-07,VernBuchanan,VernBuchanan,VernBuchanan,VernBuchanan,FL-16
Greg Steube ,Rep,3-Jan-19,RepGregSteube,RepGregSteube,RepGregSteube,RepGregSteube,FL-17
Brian Mast ,Rep,3-Jan-17,repbrianmast,repbrianmast,repbrianmast,repbrianmast,FL-18
Francis Rooney ,Rep,3-Jan-17,RepRooney,RepRooney,RepRooney,RepRooney,FL-19
Neal Dunn ,Rep,3-Jan-17,drnealdunnfl2,drnealdunnfl2,drnealdunnfl2,drnealdunnfl2,FL-2
Alcee Hastings ,Rep,3-Jan-93,RepHastingsFL,RepHastingsFL,RepHastingsFL,RepHastingsFL,FL-20
Lois Frankel ,Rep,3-Jan-13,RepLoisFrankel,RepLoisFrankel,RepLoisFrankel,RepLoisFrankel,FL-21
Ted Deutch ,Rep,13-Apr-10,RepTedDeutch,RepTedDeutch,RepTedDeutch,RepTedDeutch,FL-22
Debbie Wasserman Schultz,Rep,3-Jan-05,RepDWStweets,RepDWStweets,RepDWStweets,RepDWStweets,FL-23
Frederica Wilson ,Rep,3-Jan-11,RepWilson,RepWilson,RepWilson,RepWilson,FL-24
Debbie Mucarsel-Powell ,Rep,3-Jan-19,RepDMP,RepDMP,RepDMP,RepDMP,FL-26
Donna Shalala ,Rep,3-Jan-19,RepShalala,RepShalala,RepShalala,RepShalala,FL-27
Ted Yoho ,Rep,3-Jan-13,RepTedYoho,RepTedYoho,RepTedYoho,RepTedYoho,FL-3
John Rutherford ,Rep,3-Jan-17,RepRutherfordFL,RepRutherfordFL,RepRutherfordFL,RepRutherfordFL,FL-4
Al Lawson ,Rep,3-Jan-17,RepAlLawsonJr,RepAlLawsonJr,RepAlLawsonJr,RepAlLawsonJr,FL-5
Michael Waltz ,Rep,3-Jan-19,RepMichaelWaltz,RepMichaelWaltz,RepMichaelWaltz,RepMichaelWaltz,FL-6
Stephanie Murphy ,Rep,3-Jan-17,RepStephMurphy,RepStephMurphy,RepStephMurphy,RepStephMurphy,FL-7
Bill Posey ,Rep,3-Jan-09,CongBillPosey,CongBillPosey,CongBillPosey,CongBillPosey,FL-8
Darren Soto ,Rep,3-Jan-17,RepDarrenSoto,RepDarrenSoto,RepDarrenSoto,RepDarrenSoto,FL-9
Buddy Carter ,Rep,3-Jan-15,RepBuddyCarter,RepBuddyCarter,RepBuddyCarter,RepBuddyCarter,GA-1
Jody Hice ,Rep,3-Jan-15,congressmanhice,congressmanhice,congressmanhice,congressmanhice,GA-10
Barry Loudermilk ,Rep,3-Jan-15,RepLoudermilk,RepLoudermilk,RepLoudermilk,RepLoudermilk,GA-11
Rick W. Allen,Rep,3-Jan-15,reprickallen,reprickallen,reprickallen,reprickallen,GA-12
David Scott ,Rep,3-Jan-03,RepDavidScott,RepDavidScott,RepDavidScott,RepDavidScott,GA-13
Tom Graves ,Rep,3-Jan-13,RepTomGraves,RepTomGraves,RepTomGraves,RepTomGraves,GA-14
Sanford Bishop ,Rep,3-Jan-93,SanfordBishop,SanfordBishop,SanfordBishop,SanfordBishop,GA-2
Drew Ferguson ,Rep,3-Jan-17,RepDrewFerguson,RepDrewFerguson,RepDrewFerguson,RepDrewFerguson,GA-3
Hank Johnson ,Rep,3-Jan-07,RepHankJohnson,RepHankJohnson,RepHankJohnson,RepHankJohnson,GA-4
John Lewis ,Rep,3-Jan-87,RepJohnLewis,RepJohnLewis,RepJohnLewis,RepJohnLewis,GA-5
Lucy McBath ,Rep,3-Jan-19,replucymcbath,replucymcbath,replucymcbath,replucymcbath,GA-6
Rob Woodall ,Rep,3-Jan-11,RepRobWoodall,RepRobWoodall,RepRobWoodall,RepRobWoodall,GA-7
Austin Scott ,Rep,3-Jan-11,AustinScottGA08,AustinScottGA08,AustinScottGA08,AustinScottGA08,GA-8
Doug Collins ,Rep,3-Jan-13,RepDougCollins,RepDougCollins,RepDougCollins,RepDougCollins,GA-9
Ed Case ,Rep,3-Jan-19,RepEdCase,RepEdCase,RepEdCase,RepEdCase,HI-1
Tulsi Gabbard ,Rep,3-Jan-13,TulsiPress,TulsiPress,TulsiPress,TulsiPress,HI-2
Abby Finkenauer ,Rep,3-Jan-19,RepFinkenauer,RepFinkenauer,RepFinkenauer,RepFinkenauer,IA-1
Dave Loebsack ,Rep,3-Jan-07,DaveLoebsack,DaveLoebsack,DaveLoebsack,DaveLoebsack,IA-2
Cindy Axne ,Rep,3-Jan-19,RepCindyAxne,RepCindyAxne,RepCindyAxne,RepCindyAxne,IA-3
Steve King ,Rep,3-Jan-03,SteveKingIA,SteveKingIA,SteveKingIA,SteveKingIA,IA-4
Russ Fulcher ,Rep,3-Jan-19,RepRussFulcher,RepRussFulcher,RepRussFulcher,RepRussFulcher,ID-1
Mike Simpson ,Rep,3-Jan-99,CongMikeSimpson,CongMikeSimpson,CongMikeSimpson,CongMikeSimpson,ID-2
Bobby Rush ,Rep,3-Jan-93,RepBobbyRush,RepBobbyRush,RepBobbyRush,RepBobbyRush,IL-1
Brad Schneider ,Rep,3-Jan-17,repschneider,repschneider,repschneider,repschneider,IL-10
Bill Foster ,Rep,3-Jan-13,RepBillFoster,RepBillFoster,RepBillFoster,RepBillFoster,IL-11
Mike Bost ,Rep,3-Jan-15,RepBost,RepBost,RepBost,RepBost,IL-12
Rodney Davis ,Rep,3-Jan-13,RodneyDavis,RodneyDavis,RodneyDavis,RodneyDavis,IL-13
Lauren Underwood ,Rep,3-Jan-19,RepUnderwood,RepUnderwood,RepUnderwood,RepUnderwood,IL-14
John Shimkus ,Rep,3-Jan-13,RepShimkus,RepShimkus,RepShimkus,RepShimkus,IL-15
Adam Kinzinger ,Rep,3-Jan-13,RepKinzinger,RepKinzinger,RepKinzinger,RepKinzinger,IL-16
Cheri Bustos ,Rep,3-Jan-13,RepCheri,RepCheri,RepCheri,RepCheri,IL-17
Darin LaHood ,Rep,10-Sep-15,RepLaHood,RepLaHood,RepLaHood,RepLaHood,IL-18
Robin Kelly ,Rep,11-Apr-13,RepRobinKelly,RepRobinKelly,RepRobinKelly,RepRobinKelly,IL-2
Dan Lipinski ,Rep,3-Jan-05,RepLipinski,RepLipinski,RepLipinski,RepLipinski,IL-3
Jesús García ,Rep,3-Jan-19,RepChuyGarcia,RepChuyGarcia,RepChuyGarcia,RepChuyGarcia,IL-4
Mike Quigley ,Rep,7-Apr-09,RepMikeQuigley,RepMikeQuigley,RepMikeQuigley,RepMikeQuigley,IL-5
Sean Casten ,Rep,3-Jan-19,RepCasten,RepCasten,RepCasten,RepCasten,IL-6
Danny K. Davis,Rep,3-Jan-97,RepDannyDavis,RepDannyDavis,RepDannyDavis,RepDannyDavis,IL-7
Raja Krishnamoorthi ,Rep,3-Jan-17,congressmanraja,congressmanraja,congressmanraja,congressmanraja,IL-8
Jan Schakowsky ,Rep,3-Jan-99,JanSchakowsky,JanSchakowsky,JanSchakowsky,JanSchakowsky,IL-9
Pete Visclosky ,Rep,3-Jan-85,RepVisclosky,RepVisclosky,RepVisclosky,RepVisclosky,IN-1
Jackie Walorski ,Rep,3-Jan-13,RepWalorski,RepWalorski,RepWalorski,RepWalorski,IN-2
Jim Banks ,Rep,3-Jan-17,RepJimBanks,RepJimBanks,RepJimBanks,RepJimBanks,IN-3
Jim Baird ,Rep,3-Jan-19,RepJimBaird,RepJimBaird,RepJimBaird,RepJimBaird,IN-4
Susan Brooks ,Rep,3-Jan-13,SusanWBrooks,SusanWBrooks,SusanWBrooks,SusanWBrooks,IN-5
Greg Pence ,Rep,3-Jan-19,RepGregPence,RepGregPence,RepGregPence,RepGregPence,IN-6
André Carson ,Rep,11-Mar-08,RepAndreCarson,RepAndreCarson,RepAndreCarson,RepAndreCarson,IN-7
Larry Bucshon ,Rep,3-Jan-11,RepLarryBucshon,RepLarryBucshon,RepLarryBucshon,RepLarryBucshon,IN-8
Trey Hollingsworth ,Rep,3-Jan-17,reptrey,reptrey,reptrey,reptrey,IN-9
Roger Marshall ,Rep,3-Jan-17,RepMarshall,RepMarshall,RepMarshall,RepMarshall,KS-1
Steve Watkins ,Rep,3-Jan-19,Rep_Watkins,Rep_Watkins,Rep_Watkins,Rep_Watkins,KS-2
Sharice Davids ,Rep,3-Jan-19,RepDavids,RepDavids,RepDavids,RepDavids,KS-3
Ron Estes ,Rep,25-Apr-17,RepRonEstes,RepRonEstes,RepRonEstes,RepRonEstes,KS-4
James Comer ,Rep,8-Nov-16,KYComer,KYComer,,,KY-1
Brett Guthrie ,Rep,3-Jan-09,RepGuthrie,RepGuthrie,RepGuthrie,RepGuthrie,KY-2
Thomas Massie ,Rep,13-Nov-12,RepThomasMassie,RepThomasMassie,RepThomasMassie,RepThomasMassie,KY-4
Hal Rogers ,Rep,3-Jan-81,RepHalRogers,RepHalRogers,RepHalRogers,RepHalRogers,KY-5
Andy Barr ,Rep,3-Jan-13,RepAndyBarr,RepAndyBarr,RepAndyBarr,RepAndyBarr,KY-6
Steve Scalise ,Rep,3-May-08,SteveScalise,SteveScalise,SteveScalise,SteveScalise,LA-1
Cedric Richmond ,Rep,3-Jan-11,RepRichmond,RepRichmond,RepRichmond,RepRichmond,LA-2
Clay Higgins ,Rep,3-Jan-17,RepClayHiggins,RepClayHiggins,RepClayHiggins,RepClayHiggins,LA-3
Mike Johnson ,Rep,3-Jan-17,RepMikeJohnson,RepMikeJohnson,RepMikeJohnson,RepMikeJohnson,LA-4
Ralph Abraham ,Rep,3-Jan-15,RepAbraham,RepAbraham,RepAbraham,RepAbraham,LA-5
Garret Graves ,Rep,3-Jan-15,RepGarretGraves,RepGarretGraves,RepGarretGraves,RepGarretGraves,LA-6
Richard Neal ,Rep,3-Jan-89,RepRichardNeal,RepRichardNeal,RepRichardNeal,RepRichardNeal,MA-1
Jim McGovern ,Rep,3-Jan-97,RepMcGovern,RepMcGovern,RepMcGovern,RepMcGovern,MA-2
Lori Trahan ,Rep,3-Jan-19,RepLoriTrahan,RepLoriTrahan,RepLoriTrahan,RepLoriTrahan,MA-3
Joseph P. Kennedy,Rep,3-Jan-13,RepJoeKennedy,RepJoeKennedy,RepJoeKennedy,RepJoeKennedy,MA-4
Katherine Clark ,Rep,12-Dec-13,RepKClark,RepKClark,RepKClark,RepKClark,MA-5
Seth Moulton ,Rep,3-Jan-15,sethmoulton,sethmoulton,teammoulton,teammoulton,MA-6
Ayanna Pressley ,Rep,3-Jan-19,RepPressley,RepPressley,RepPressley,RepPressley,MA-7
Stephen F. Lynch,Rep,16-Oct-01,RepStephenLynch,RepStephenLynch,RepStephenLynch,RepStephenLynch,MA-8
Bill Keating ,Rep,3-Jan-11,USRepKeating,USRepKeating,USRepKeating,USRepKeating,MA-9
Andy Harris ,Rep,3-Jan-11,RepAndyHarrisMD,RepAndyHarrisMD,RepAndyHarrisMD,RepAndyHarrisMD,MD-1
Dutch Ruppersberger ,Rep,3-Jan-03,Call_Me_Dutch,Call_Me_Dutch,Call_Me_Dutch,Call_Me_Dutch,MD-2
John Sarbanes ,Rep,3-Jan-07,RepSarbanes,RepSarbanes,RepSarbanes,RepSarbanes,MD-3
Anthony G. Brown,Rep,3-Jan-17,RepAnthonyBrown,RepAnthonyBrown,RepAnthonyBrown,RepAnthonyBrown,MD-4
Steny Hoyer ,Rep,19-May-81,LeaderHoyer,LeaderHoyer,LeaderHoyer,LeaderHoyer,MD-5
David Trone ,Rep,3-Jan-19,repdavidtrone,repdavidtrone,repdavidtrone,repdavidtrone,MD-6
Elijah Cummings ,Rep,16-Apr-96,RepCummings,RepCummings,RepCummings,RepCummings,MD-7
Jamie Raskin ,Rep,3-Jan-17,repraskin,repraskin,repraskin,repraskin,MD-8
Chellie Pingree ,Rep,3-Jan-09,ChelliePingree,ChelliePingree,ChelliePingree,ChelliePingree,ME-1
Jared Golden ,Rep,3-Jan-19,repgolden,repgolden,repgolden,repgolden,ME-2
Jack Bergman ,Rep,3-Jan-19,RepJackBergman,RepJackBergman,RepJackBergman,RepJackBergman,MI-1
Paul Mitchell ,Rep,3-Jan-17,RepPaulMitchell,RepPaulMitchell,RepPaulMitchell,RepPaulMitchell,MI-10
Haley Stevens ,Rep,3-Jan-19,RepHaleyStevens,RepHaleyStevens,RepHaleyStevens,RepHaleyStevens,MI-11
Debbie Dingell ,Rep,3-Jan-15,RepDebDingell,RepDebDingell,RepDebDingell,RepDebDingell,MI-12
Rashida Tlaib ,Rep,3-Jan-19,RepRashida,RepRashida,RepRashida,RepRashida,MI-13
Brenda Lawrence ,Rep,3-Jan-15,RepLawrence,RepLawrence,RepLawrence,RepLawrence,MI-14
Bill Huizenga ,Rep,3-Jan-11,RepHuizenga,RepHuizenga,RepHuizenga,RepHuizenga,MI-2
Justin Amash ,Rep,3-Jan-11,justinamash,justinamash,,,MI-3
John Moolenaar ,Rep,3-Jan-15,RepMoolenaar,RepMoolenaar,RepMoolenaar,RepMoolenaar,MI-4
Dan Kildee ,Rep,3-Jan-13,RepDanKildee,RepDanKildee,RepDanKildee,RepDanKildee,MI-5
Fred Upton ,Rep,3-Jan-93,RepFredUpton,RepFredUpton,RepFredUpton,RepFredUpton,MI-6
Tim Walberg ,Rep,3-Jan-11,RepWalberg,RepWalberg,RepWalberg,RepWalberg,MI-7
Elissa Slotkin ,Rep,3-Jan-19,RepSlotkin,RepSlotkin,RepSlotkin,RepSlotkin,MI-8
Andy Levin ,Rep,3-Jan-19,RepAndyLevin,RepAndyLevin,RepAndyLevin,RepAndyLevin,MI-9
Jim Hagedorn ,Rep,3-Jan-19,RepHagedorn,RepHagedorn,RepHagedorn,RepHagedorn,MN-1
Angie Craig ,Rep,3-Jan-19,RepAngieCraig,RepAngieCraig,RepAngieCraig,RepAngieCraig,MN-2
Dean Phillips ,Rep,3-Jan-19,RepDeanPhillips,RepDeanPhillips,RepDeanPhillips,RepDeanPhillips,MN-3
Betty McCollum ,Rep,3-Jan-01,BettyMcCollum04,BettyMcCollum04,BettyMcCollum04,BettyMcCollum04,MN-4
Ilhan Omar ,Rep,3-Jan-19,Ilhan,Ilhan,Ilhan,Ilhan,MN-5
Tom Emmer ,Rep,3-Jan-15,RepTomEmmer,RepTomEmmer,RepTomEmmer,RepTomEmmer,MN-6
Collin Peterson ,Rep,3-Jan-91,collinpeterson,,,,MN-7
Pete Stauber ,Rep,3-Jan-19,RepPeteStauber,RepPeteStauber,RepPeteStauber,RepPeteStauber,MN-8
Lacy Clay ,Rep,3-Jan-01,LacyClayMO1,LacyClayMO1,,,MO-1
Ann Wagner ,Rep,3-Jan-13,RepAnnWagner,RepAnnWagner,RepAnnWagner,RepAnnWagner,MO-2
Blaine Luetkemeyer ,Rep,3-Jan-13,RepBlaine,RepBlaine,RepBlaine,RepBlaine,MO-3
Vicky Hartzler ,Rep,3-Jan-11,RepHartzler,RepHartzler,RepHartzler,RepHartzler,MO-4
Emanuel Cleaver ,Rep,3-Jan-05,RepCleaver,RepCleaver,RepCleaver,RepCleaver,MO-5
Sam Graves ,Rep,3-Jan-01,RepSamGraves,RepSamGraves,RepSamGraves,RepSamGraves,MO-6
Billy Long ,Rep,3-Jan-11,USRepLong,USRepLong,USRepLong,USRepLong,MO-7
Jason Smith ,Rep,3-Jan-17,RepJasonSmith,RepJasonSmith,RepJasonSmith,RepJasonSmith,MO-8
Gregorio Sablan ,Rep,3-Jan-09,Kilili_Sablan,,Kilili_Sablan,Kilili_Sablan,MP-0
Trent Kelly ,Rep,2-Jun-15,reptrentkelly,reptrentkelly,reptrentkelly,reptrentkelly,MS-1
Bennie Thompson ,Rep,13-Apr-93,BennieGThompson,BennieGThompson,BennieGThompson,BennieGThompson,MS-2
Michael Guest ,Rep,3-Jan-19,RepMichaelGuest,RepMichaelGuest,RepMichaelGuest,RepMichaelGuest,MS-3
Steven Palazzo ,Rep,3-Jan-11,CongPalazzo,CongPalazzo,CongPalazzo,CongPalazzo,MS-4
Greg Gianforte ,Rep,21-Jun-17,GregForMontana,,,,MT-0
G. K. Butterfield,Rep,20-Jul-04,GKButterfield,GKButterfield,GKButterfield,GKButterfield,NC-1
Patrick McHenry ,Rep,3-Jan-05,PatrickMcHenry,PatrickMcHenry,PatrickMcHenry,PatrickMcHenry,NC-10
Mark Meadows ,Rep,3-Jan-17,RepMarkMeadows,RepMarkMeadows,RepMarkMeadows,RepMarkMeadows,NC-11
Alma Adams ,Rep,4-Nov-14,RepAdams,RepAdams,RepAdams,RepAdams,NC-12
Ted Budd ,Rep,3-Jan-17,RepTedBudd,RepTedBudd,RepTedBudd,RepTedBudd,NC-13
George Holding ,Rep,3-Jan-17,RepHolding,RepHolding,RepHolding,RepHolding,NC-2
David Price ,Rep,3-Jan-97,RepDavidEPrice,RepDavidEPrice,RepDavidEPrice,RepDavidEPrice,NC-4
Virginia Foxx ,Rep,3-Jan-05,VirginiaFoxx,VirginiaFoxx,VirginiaFoxx,VirginiaFoxx,NC-5
Mark Walker ,Rep,3-Jan-15,RepMarkWalker,RepMarkWalker,RepMarkWalker,RepMarkWalker,NC-6
David Rouzer ,Rep,3-Jan-15,RepDavidRouzer,RepDavidRouzer,RepDavidRouzer,RepDavidRouzer,NC-7
Richard Hudson ,Rep,3-Jan-13,RepRichHudson,RepRichHudson,RepRichHudson,RepRichHudson,NC-8
Kelly Armstrong ,Rep,3-Jan-19,RepArmstrongND,RepArmstrongND,RepArmstrongND,RepArmstrongND,ND-0
Jeff Fortenberry ,Rep,3-Jan-05,JeffFortenberry,JeffFortenberry,JeffFortenberry,JeffFortenberry,NE-1
Don Bacon ,Rep,3-Jan-17,repdonbacon,repdonbacon,repdonbacon,repdonbacon,NE-2
Adrian Smith ,Rep,3-Jan-07,RepAdrianSmith,RepAdrianSmith,RepAdrianSmith,RepAdrianSmith,NE-3
Chris Pappas ,Rep,3-Jan-19,RepChrisPappas,RepChrisPappas,RepChrisPappas,RepChrisPappas,NH-1
Ann McLane Kuster,Rep,3-Jan-13,RepAnnieKuster,RepAnnieKuster,RepAnnieKuster,RepAnnieKuster,NH-2
Donald Norcross ,Rep,12-Nov-14,DonaldNorcross,DonaldNorcross,DonaldNorcross,DonaldNorcross,NJ-1
Donald Payne Jr.,Rep,15-Nov-12,RepDonaldPayne,RepDonaldPayne,RepDonaldPayne,RepDonaldPayne,NJ-10
Mikie Sherrill ,Rep,3-Jan-19,RepSherrill,RepSherrill,RepSherrill,RepSherrill,NJ-11
Bonnie Watson Coleman,Rep,3-Jan-15,RepBonnie,RepBonnie,RepBonnie,RepBonnie,NJ-12
Jeff Van Drew,Rep,3-Jan-19,CongressmanJVD,CongressmanJVD,CongressmanJVD,CongressmanJVD,NJ-2
Andy Kim ,Rep,3-Jan-19,RepAndyKimNJ,RepAndyKimNJ,RepAndyKimNJ,RepAndyKimNJ,NJ-3
Christopher Smith ,Rep,3-Jan-81,RepChrisSmith,RepChrisSmith,RepChrisSmith,RepChrisSmith,NJ-4
Josh Gottheimer ,Rep,3-Jan-17,RepJoshG,RepJoshG,RepJoshG,RepJoshG,NJ-5
Frank Pallone ,Rep,3-Jan-19,FrankPallone,FrankPallone,FrankPallone,FrankPallone,NJ-6
Tom Malinowski ,Rep,3-Jan-19,RepMalinowski,RepMalinowski,RepMalinowski,RepMalinowski,NJ-7
Albio Sires ,Rep,3-Jan-13,RepSires,RepSires,RepSires,RepSires,NJ-8
Bill Pascrell ,Rep,3-Jan-13,BillPascrell,BillPascrell,BillPascrell,BillPascrell,NJ-9
Deb Haaland ,Rep,3-Jan-19,RepDebHaaland,RepDebHaaland,RepDebHaaland,RepDebHaaland,NM-1
Xochitl Torres Small,Rep,3-Jan-19,RepTorresSmall,RepTorresSmall,RepTorresSmall,RepTorresSmall,NM-2
Ben Ray Luján,Rep,3-Jan-09,RepBenRayLujan,RepBenRayLujan,RepBenRayLujan,RepBenRayLujan,NM-3
Dina Titus ,Rep,3-Jan-13,RepDinaTitus,RepDinaTitus,RepDinaTitus,RepDinaTitus,NV-1
Mark Amodei ,Rep,13-Sep-11,MarkAmodeiNV2,MarkAmodeiNV2,MarkAmodeiNV2,MarkAmodeiNV2,NV-2
Susie Lee ,Rep,3-Jan-19,RepSusieLee,RepSusieLee,RepSusieLee,RepSusieLee,NV-3
Steven Horsford ,Rep,3-Jan-19,RepHorsford,RepHorsford,RepHorsford,RepHorsford,NV-4
Lee Zeldin ,Rep,3-Jan-15,RepLeeZeldin,RepLeeZeldin,RepLeeZeldin,RepLeeZeldin,NY-1
Jerrold Nadler ,Rep,3-Nov-92,RepJerryNadler,RepJerryNadler,RepJerryNadler,RepJerryNadler,NY-10
Max Rose ,Rep,3-Jan-19,RepMaxRose,RepMaxRose,RepMaxRose,RepMaxRose,NY-11
Carolyn Maloney ,Rep,3-Jan-93,RepMaloney,RepMaloney,RepMaloney,RepMaloney,NY-12
Adriano Espaillat ,Rep,3-Jan-17,RepEspaillat,RepEspaillat,RepEspaillat,RepEspaillat,NY-13
Alexandria Ocasio-Cortez ,Rep,3-Jan-19,RepAOC,RepAOC,RepAOC,RepAOC,NY-14
José E. Serrano,Rep,21-Mar-90,RepJoseSerrano,RepJoseSerrano,RepJoseSerrano,RepJoseSerrano,NY-15
Eliot Engel ,Rep,3-Jan-89,RepEliotEngel,RepEliotEngel,RepEliotEngel,RepEliotEngel,NY-16
Nita Lowey ,Rep,3-Jan-89,NitaLowey,NitaLowey,NitaLowey,NitaLowey,NY-17
Sean Patrick Maloney,Rep,3-Jan-13,RepSeanMaloney,RepSeanMaloney,RepSeanMaloney,RepSeanMaloney,NY-18
Antonio Delgado ,Rep,3-Jan-19,repdelgado,repdelgado,repdelgado,repdelgado,NY-19
Peter T. King,Rep,3-Jan-93,RepPeteKing,RepPeteKing,RepPeteKing,RepPeteKing,NY-2
Paul Tonko ,Rep,3-Jan-13,RepPaulTonko,RepPaulTonko,RepPaulTonko,RepPaulTonko,NY-20
Elise Stefanik ,Rep,3-Jan-15,RepStefanik,RepStefanik,RepStefanik,RepStefanik,NY-21
Anthony Brindisi ,Rep,3-Jan-19,RepBrindisi,RepBrindisi,RepBrindisi,RepBrindisi,NY-22
Tom Reed ,Rep,3-Jan-13,RepTomReed,RepTomReed,RepTomReed,RepTomReed,NY-23
John Katko ,Rep,3-Jan-15,RepJohnKatko,RepJohnKatko,RepJohnKatko,RepJohnKatko,NY-24
Joseph D. Morelle,Rep,13-Nov-18,RepJoeMorelle,RepJoeMorelle,RepJoeMorelle,RepJoeMorelle,NY-25
Brian Higgins ,Rep,3-Jan-13,RepBrianHiggins,RepBrianHiggins,RepBrianHiggins,RepBrianHiggins,NY-26
Chris Collins ,Rep,3-Jan-13,RepChrisCollins,RepChrisCollins,RepChrisCollins,RepChrisCollins,NY-27
Thomas Suozzi ,Rep,3-Jan-17,RepTomSuozzi,RepTomSuozzi,RepTomSuozzi,RepTomSuozzi,NY-3
Kathleen Rice ,Rep,3-Jan-15,RepKathleenRice,RepKathleenRice,RepKathleenRice,RepKathleenRice,NY-4
Gregory Meeks ,Rep,3-Feb-98,RepGregoryMeeks,RepGregoryMeeks,RepGregoryMeeks,RepGregoryMeeks,NY-5
Grace Meng ,Rep,3-Jan-13,RepGraceMeng,RepGraceMeng,RepGraceMeng,RepGraceMeng,NY-6
Nydia Velázquez ,Rep,3-Jan-13,NydiaVelazquez,NydiaVelazquez,NydiaVelazquez,NydiaVelazquez,NY-7
Hakeem Jeffries ,Rep,3-Jan-19,RepJeffries,RepJeffries,RepJeffries,RepJeffries,NY-8
Yvette Clarke ,Rep,3-Jan-13,RepYvetteClarke,RepYvetteClarke,RepYvetteClarke,RepYvetteClarke,NY-9
Steve Chabot ,Rep,3-Jan-11,RepSteveChabot,RepSteveChabot,RepSteveChabot,RepSteveChabot,OH-1
Mike Turner ,Rep,3-Jan-13,RepMikeTurner,RepMikeTurner,RepMikeTurner,RepMikeTurner,OH-10
Marcia Fudge ,Rep,18-Nov-08,RepMarciaFudge,RepMarciaFudge,RepMarciaFudge,RepMarciaFudge,OH-11
Troy Balderson ,Rep,5-Sep-18,RepBalderson,RepBalderson,RepBalderson,RepBalderson,OH-12
Tim Ryan ,Rep,3-Jan-03,RepTimRyan,RepTimRyan,RepTimRyan,RepTimRyan,OH-13
David Joyce ,Rep,3-Jan-13,RepDaveJoyce,RepDaveJoyce,RepDaveJoyce,RepDaveJoyce,OH-14
Steve Stivers ,Rep,3-Jan-11,RepSteveStivers,RepSteveStivers,RepSteveStivers,RepSteveStivers,OH-15
Anthony Gonzalez ,Rep,3-Jan-19,RepAGonzalez,RepAGonzalez,RepAGonzalez,RepAGonzalez,OH-16
Brad Wenstrup ,Rep,3-Jan-13,RepBradWenstrup,RepBradWenstrup,RepBradWenstrup,RepBradWenstrup,OH-2
Joyce Beatty ,Rep,3-Jan-13,RepBeatty,RepBeatty,RepBeatty,RepBeatty,OH-3
Jim Jordan ,Rep,3-Jan-07,Jim_Jordan,Jim_Jordan,Jim_Jordan,Jim_Jordan,OH-4
Bob Latta ,Rep,11-Dec-07,boblatta,boblatta,boblatta,boblatta,OH-5
Bill Johnson ,Rep,3-Jan-11,RepBillJohnson,RepBillJohnson,RepBillJohnson,RepBillJohnson,OH-6
Bob Gibbs ,Rep,3-Jan-13,RepBobGibbs,RepBobGibbs,RepBobGibbs,RepBobGibbs,OH-7
Warren Davidson ,Rep,7-Jun-16,WarrenDavidson,WarrenDavidson,WarrenDavidson,WarrenDavidson,OH-8
Marcy Kaptur ,Rep,3-Jan-83,RepMarcyKaptur,RepMarcyKaptur,RepMarcyKaptur,RepMarcyKaptur,OH-9
Mario Diaz-Balart ,Rep,3-Jan-03,MarioDB,MarioDB,MarioDB,MarioDB,OH-9
Kevin Hern ,Rep,13-Nov-18,repkevinhern,repkevinhern,repkevinhern,repkevinhern,OK-1
Markwayne Mullin ,Rep,3-Jan-13,RepMullin,RepMullin,RepMullin,RepMullin,OK-2
Frank Lucas ,Rep,10-May-94,RepFrankLucas,RepFrankLucas,RepFrankLucas,RepFrankLucas,OK-3
Tom Cole ,Rep,3-Jan-03,TomColeOK04,TomColeOK04,TomColeOK04,TomColeOK04,OK-4
Kendra Horn ,Rep,3-Jan-19,RepKendraHorn,RepKendraHorn,RepKendraHorn,RepKendraHorn,OK-5
Suzanne Bonamici ,Rep,31-Jan-12,RepBonamici,RepBonamici,RepBonamici,RepBonamici,OR-1
Greg Walden ,Rep,3-Jan-99,RepGregWalden,RepGregWalden,RepGregWalden,RepGregWalden,OR-2
Earl Blumenauer ,Rep,21-May-96,repblumenauer,repblumenauer,BlumenauerMedia,BlumenauerMedia,OR-3
Peter DeFazio ,Rep,3-Jan-87,RepPeterDeFazio,RepPeterDeFazio,RepPeterDeFazio,RepPeterDeFazio,OR-4
Kurt Schrader ,Rep,3-Jan-09,RepSchrader,RepSchrader,RepSchrader,RepSchrader,OR-5
Brian Fitzpatrick ,Rep,3-Jan-17,repbrianfitz,repbrianfitz,repbrianfitz,repbrianfitz,PA-1
Scott Perry ,Rep,3-Jan-13,RepScottPerry,RepScottPerry,RepScottPerry,RepScottPerry,PA-10
Lloyd Smucker ,Rep,3-Jan-17,RepSmucker,RepSmucker,RepSmucker,RepSmucker,PA-11
John Joyce ,Rep,3-Jan-19,RepJohnJoyce,RepJohnJoyce,RepJohnJoyce,RepJohnJoyce,PA-13
Guy Reschenthaler ,Rep,3-Jan-19,GReschenthaler,GReschenthaler,GReschenthaler,GReschenthaler,PA-14
Glenn Thompson ,Rep,3-Jan-09,CongressmanGT,CongressmanGT,CongressmanGT,CongressmanGT,PA-15
Mike Kelly ,Rep,3-Jan-11,MikeKellyPA,MikeKellyPA,MikeKellyPA,MikeKellyPA,PA-16
Conor Lamb ,Rep,12-Apr-18,RepConorLamb,RepConorLamb,RepConorLamb,RepConorLamb,PA-17
Michael F. Doyle,Rep,3-Jan-95,USRepMikeDoyle,USRepMikeDoyle,USRepMikeDoyle,USRepMikeDoyle,PA-18
Brendan Boyle ,Rep,3-Jan-15,CongBoyle,CongBoyle,CongBoyle,CongBoyle,PA-2
Dwight Evans ,Rep,14-Nov-16,RepDwightEvans,RepDwightEvans,RepDwightEvans,RepDwightEvans,PA-3
Madeleine Dean ,Rep,3-Jan-19,RepDean,RepDean,RepDean,RepDean,PA-4
Mary Gay Scanlon,Rep,13-Nov-18,RepMGS,RepMGS,RepMGS,RepMGS,PA-5
Chrissy Houlahan ,Rep,3-Jan-19,RepHoulahan,RepHoulahan,RepHoulahan,RepHoulahan,PA-6
Susan Wild ,Rep,27-Nov-18,RepSusanWild,RepSusanWild,RepSusanWild,RepSusanWild,PA-7
Matt Cartwright ,Rep,3-Jan-13,RepCartwright,RepCartwright,RepCartwright,RepCartwright,PA-8
Dan Meuser ,Rep,3-Jan-19,RepMeuser,RepMeuser,RepMeuser,RepMeuser,PA-9
Jenniffer González ,Rep,3-Jan-17,RepJenniffer,RepJenniffer,RepJenniffer,RepJenniffer,PR-0
David Cicilline ,Rep,3-Jan-11,RepCicilline,RepCicilline,RepCicilline,RepCicilline,RI-1
James Langevin ,Rep,3-Jan-01,JimLangevin,JimLangevin,JimLangevin,JimLangevin,RI-2
Joe Cunningham ,Rep,3-Jan-19,RepCunningham,RepCunningham,RepCunningham,RepCunningham,SC-1
Joe Wilson ,Rep,18-Dec-01,RepJoeWilson,RepJoeWilson,RepJoeWilson,RepJoeWilson,SC-2
Jeff Duncan ,Rep,3-Jan-11,RepJeffDuncan,RepJeffDuncan,RepJeffDuncan,RepJeffDuncan,SC-3
William Timmons ,Rep,3-Jan-19,RepTimmons,RepTimmons,RepTimmons,RepTimmons,SC-4
Ralph Norman ,Rep,20-Jun-17,RepRalphNorman,RepRalphNorman,RepRalphNorman,RepRalphNorman,SC-5
Jim Clyburn ,Rep,3-Jan-93,WhipClyburn,WhipClyburn,WhipClyburn,WhipClyburn,SC-6
Tom Rice ,Rep,3-Jan-13,RepTomRice,RepTomRice,RepTomRice,RepTomRice,SC-7
Dusty Johnson ,Rep,3-Jan-19,RepDustyJohnson,RepDustyJohnson,RepDustyJohnson,RepDustyJohnson,SD-0
Tim Burchett ,Rep,3-Jan-19,RepTimBurchett,RepTimBurchett,RepTimBurchett,RepTimBurchett,TN-2
Chuck Fleischmann ,Rep,3-Jan-11,RepChuck,RepChuck,RepChuck,RepChuck,TN-3
Scott DesJarlais ,Rep,3-Jan-11,DesJarlaisTN04,DesJarlaisTN04,DesJarlaisTN04,DesJarlaisTN04,TN-4
Jim Cooper ,Rep,3-Jan-03,RepJimCooper,RepJimCooper,RepJimCooper,RepJimCooper,TN-5
John Rose ,Rep,3-Jan-19,RepJohnRose,RepJohnRose,RepJohnRose,RepJohnRose,TN-6
Mark E. Green,Rep,3-Jan-19,RepMarkGreen,RepMarkGreen,RepMarkGreen,RepMarkGreen,TN-7
David Kustoff ,Rep,3-Jan-17,repdavidkustoff,repdavidkustoff,repdavidkustoff,repdavidkustoff,TN-8
Steve Cohen ,Rep,3-Jan-07,RepCohen,RepCohen,RepCohen,RepCohen,TN-9
Louie Gohmert ,Rep,3-Jan-05,RepLouieGohmert,RepLouieGohmert,RepLouieGohmert,RepLouieGohmert,TX-1
Michael McCaul ,Rep,3-Jan-05,RepMcCaul,RepMcCaul,RepMcCaul,RepMcCaul,TX-10
Mike Conaway ,Rep,3-Jan-05,ConawayTX11,ConawayTX11,ConawayTX11,ConawayTX11,TX-11
Kay Granger ,Rep,3-Jan-97,RepKayGranger,RepKayGranger,RepKayGranger,RepKayGranger,TX-12
Mac Thornberry ,Rep,3-Jan-95,MacTXPress,MacTXPress,MacTXPress,MacTXPress,TX-13
Randy Weber ,Rep,3-Jan-13,TXRandy14,TXRandy14,TXRandy14,TXRandy14,TX-14
Vicente González ,Rep,3-Jan-17,RepGonzalez,RepGonzalez,RepGonzalez,RepGonzalez,TX-15
Veronica Escobar ,Rep,3-Jan-19,RepEscobar,RepEscobar,RepEscobar,RepEscobar,TX-16
Bill Flores ,Rep,3-Jan-11,RepBillFlores,RepBillFlores,RepBillFlores,RepBillFlores,TX-17
Sheila Jackson Lee,Rep,3-Jan-95,JacksonLeeTX18,JacksonLeeTX18,JacksonLeeTX18,JacksonLeeTX18,TX-18
Jodey Arrington ,Rep,3-Jan-17,RepArrington,RepArrington,RepArrington,RepArrington,TX-19
Dan Crenshaw ,Rep,3-Jan-19,RepDanCrenshaw,RepDanCrenshaw,RepDanCrenshaw,RepDanCrenshaw,TX-2
Joaquín Castro ,Rep,3-Jan-13,JoaquinCastrotx,JoaquinCastrotx,JoaquinCastrotx,JoaquinCastrotx,TX-20
Chip Roy ,Rep,3-Jan-19,RepChipRoy,RepChipRoy,RepChipRoy,RepChipRoy,TX-21
Pete Olson ,Rep,3-Jan-09,RepPeteOlson,RepPeteOlson,RepPeteOlson,RepPeteOlson,TX-22
Will Hurd ,Rep,3-Jan-15,hurdonthehill,hurdonthehill,hurdonthehill,hurdonthehill,TX-23
Kenny Marchant ,Rep,3-Jan-05,RepKenMarchant,RepKenMarchant,RepKenMarchant,RepKenMarchant,TX-24
Roger Williams ,Rep,3-Jan-13,RepRWilliams,RepRWilliams,RepRWilliams,RepRWilliams,TX-25
Michael Burgess ,Rep,3-Jan-03,MichaelCBurgess,MichaelCBurgess,MichaelCBurgess,MichaelCBurgess,TX-26
Michael Cloud ,Rep,10-Jul-18,RepCloudTX,RepCloudTX,RepCloudTX,RepCloudTX,TX-27
Henry Cuellar ,Rep,3-Jan-05,RepCuellar,RepCuellar,RepCuellar,RepCuellar,TX-28
Sylvia Garcia ,Rep,3-Jan-19,RepSylviaGarcia,RepSylviaGarcia,RepSylviaGarcia,RepSylviaGarcia,TX-29
Van Taylor ,Rep,3-Jan-19,RepVanTaylor,RepVanTaylor,RepVanTaylor,RepVanTaylor,TX-3
Eddie Bernice Johnson,Rep,3-Jan-93,RepEBJ,RepEBJ,RepEBJ,RepEBJ,TX-30
John Carter ,Rep,3-Jan-03,JudgeCarter,JudgeCarter,JudgeCarter,JudgeCarter,TX-31
Colin Allred ,Rep,3-Jan-19,RepColinAllred,RepColinAllred,RepColinAllred,RepColinAllred,TX-32
Marc Veasey ,Rep,3-Jan-13,RepVeasey,RepVeasey,RepVeasey,RepVeasey,TX-33
Filemon Vela Jr.,Rep,3-Jan-13,RepFilemonVela,RepFilemonVela,RepFilemonVela,RepFilemonVela,TX-34
Lloyd Doggett ,Rep,3-Jan-95,RepLloydDoggett,RepLloydDoggett,RepLloydDoggett,RepLloydDoggett,TX-35
Brian Babin ,Rep,3-Jan-15,RepBrianBabin,RepBrianBabin,RepBrianBabin,RepBrianBabin,TX-36
John Ratcliffe ,Rep,3-Jan-15,RepRatcliffe,RepRatcliffe,RepRatcliffe,RepRatcliffe,TX-4
Lance Gooden ,Rep,3-Jan-19,RepLanceGooden,RepLanceGooden,RepLanceGooden,RepLanceGooden,TX-5
Ron Wright ,Rep,3-Jan-19,RepRonWright,RepRonWright,RepRonWright,RepRonWright,TX-6
Lizzie Fletcher ,Rep,3-Jan-19,RepFletcher,RepFletcher,RepFletcher,RepFletcher,TX-7
Kevin Brady ,Rep,3-Jan-97,RepKevinBrady,RepKevinBrady,RepKevinBrady,RepKevinBrady,TX-8
Al Green ,Rep,3-Jan-05,RepAlGreen,RepAlGreen,RepAlGreen,RepAlGreen,TX-9
Rob Bishop ,Rep,3-Jan-03,RepRobBishop,RepRobBishop,RepRobBishop,RepRobBishop,UT-1
Chris Stewart ,Rep,3-Jan-13,RepChrisStewart,RepChrisStewart,RepChrisStewart,RepChrisStewart,UT-2
John Curtis ,Rep,13-Nov-17,RepJohnCurtis,RepJohnCurtis,RepJohnCurtis,RepJohnCurtis,UT-3
Ben McAdams ,Rep,3-Jan-19,RepBenMcAdams,RepBenMcAdams,RepBenMcAdams,RepBenMcAdams,UT-4
Rob Wittman ,Rep,11-Dec-07,RobWittman,RobWittman,RobWittman,RobWittman,VA-1
Jennifer Wexton ,Rep,3-Jan-19,RepWexton,RepWexton,RepWexton,RepWexton,VA-10
Gerry Connolly ,Rep,3-Jan-09,GerryConnolly,GerryConnolly,GerryConnolly,GerryConnolly,VA-11
Elaine Luria ,Rep,3-Jan-19,RepElaineLuria,RepElaineLuria,RepElaineLuria,RepElaineLuria,VA-2
Bobby Scott ,Rep,3-Jan-93,BobbyScott,BobbyScott,BobbyScott,BobbyScott,VA-3
Donald McEachin ,Rep,3-Jan-17,RepMcEachin,RepMcEachin,RepMcEachin,RepMcEachin,VA-4
Denver Riggleman ,Rep,3-Jan-19,RepRiggleman,RepRiggleman,RepRiggleman,RepRiggleman,VA-5
Ben Cline ,Rep,3-Jan-19,RepBenCline,RepBenCline,RepBenCline,RepBenCline,VA-6
Abigail Spanberger ,Rep,3-Jan-19,RepSpanberger,RepSpanberger,RepSpanberger,RepSpanberger,VA-7
Don Beyer ,Rep,3-Jan-15,RepDonBeyer,RepDonBeyer,RepDonBeyer,RepDonBeyer,VA-8
Morgan Griffith ,Rep,3-Jan-11,RepMGriffith,RepMGriffith,RepMGriffith,RepMGriffith,VA-9
Stacey Plaskett ,Rep,3-Jan-15,staceyplaskett,staceyplaskett,staceyplaskett,staceyplaskett,VI-0
Peter Welch ,Rep,3-Jan-07,PeterWelch,PeterWelch,PeterWelch,PeterWelch,VT-0
Suzan DelBene ,Rep,13-Nov-12,RepDelBene,RepDelBene,RepDelBene,RepDelBene,WA-1
Dennis Heck ,Rep,3-Jan-13,RepDennyHeck,RepDennyHeck,RepDennyHeck,RepDennyHeck,WA-10
Rick Larsen ,Rep,3-Jan-01,RepRickLarsen,RepRickLarsen,RepRickLarsen,RepRickLarsen,WA-2
Jaime Herrera Beutler,Rep,3-Jan-11,HerreraBeutler,HerreraBeutler,HerreraBeutler,HerreraBeutler,WA-3
Dan Newhouse ,Rep,3-Jan-15,RepNewhouse,RepNewhouse,RepNewhouse,RepNewhouse,WA-4
Cathy McMorris Rodgers,Rep,3-Jan-05,CathyMcMorris,CathyMcMorris,CathyMcMorris,CathyMcMorris,WA-5
Derek Kilmer ,Rep,3-Jan-13,RepDerekKilmer,RepDerekKilmer,RepDerekKilmer,RepDerekKilmer,WA-6
Pramila Jayapal ,Rep,3-Jan-17,RepJayapal,RepJayapal,RepJayapal,RepJayapal,WA-7
Kim Schrier ,Rep,3-Jan-19,RepKimSchrier,RepKimSchrier,RepKimSchrier,RepKimSchrier,WA-8
Adam Smith ,Rep,3-Jan-97,RepAdamSmith,RepAdamSmith,RepAdamSmith,RepAdamSmith,WA-9
Bryan Steil ,Rep,3-Jan-19,RepBryanSteil,RepBryanSteil,RepBryanSteil,RepBryanSteil,WI-1
Mark Pocan ,Rep,3-Jan-13,RepMarkPocan,RepMarkPocan,RepMarkPocan,RepMarkPocan,WI-2
Ron Kind ,Rep,3-Jan-97,RepRonKind,RepRonKind,RepRonKind,RepRonKind,WI-3
Gwen Moore ,Rep,3-Jan-05,RepGwenMoore,RepGwenMoore,RepGwenMoore,RepGwenMoore,WI-4
Jim Sensenbrenner ,Rep,3-Jan-79,JimPressOffice,JimPressOffice,JimPressOffice,JimPressOffice,WI-5
Glenn Grothman ,Rep,3-Jan-15,RepGrothman,RepGrothman,RepGrothman,RepGrothman,WI-6
Sean Duffy ,Rep,3-Jan-11,RepSeanDuffy,RepSeanDuffy,RepSeanDuffy,RepSeanDuffy,WI-7
Mike Gallagher ,Rep,3-Jan-17,RepGallagher,RepGallagher,RepGallagher,RepGallagher,WI-8
David McKinley ,Rep,3-Jan-11,RepMcKinley,RepMcKinley,RepMcKinley,RepMcKinley,WV-1
Alex Mooney ,Rep,3-Jan-15,RepAlexMooney,RepAlexMooney,RepAlexMooney,RepAlexMooney,WV-2
Carol Miller ,Rep,3-Jan-19,RepCarolMiller,RepCarolMiller,RepCarolMiller,RepCarolMiller,WV-2
Liz Cheney ,Rep,3-Jan-17,RepLizCheney,RepLizCheney,RepLizCheney,RepLizCheney,WY-0
Marco Rubio ,Sen,3-Jan-11,marcorubio,marcorubio,SenRubioPress,SenRubioPress,
James Inhofe ,Sen,16-Nov-94,JimInhofe,JimInhofe,InhofePress,InhofePres,
Chris Murphy ,Sen,3-Jan-13,ChrisMurphyCT,ChrisMurphyCT,senmurphyoffice,senmurphyoffice,
Rick Scott ,Sen,8-Jan-19,SenRickScott,SenRickScott,,,
Bill Cassidy ,Sen,3-Jan-15,SenBillCassidy,SenBillCassidy,SenBillCassidy,,
Tim Kaine ,Sen,3-Jan-13,timkaine,timkaine,,,
Doug Jones ,Sen,3-Jan-18,sendougjones,sendougjones,sendougjones,sendougjones,
Richard Shelby ,Sen,3-Jan-87,SenShelby,SenShelby,SenShelby,SenShelby,
Dan Sullivan ,Sen,3-Jan-15,SenDanSullivan,SenDanSullivan,SenDanSullivan,SenDanSullivan,
Lisa Murkowski ,Sen,20-Dec-02,LisaMurkowski,LisaMurkowski,LisaMurkowski,LisaMurkowski,
Kyrsten Sinema ,Sen,3-Jan-19,SenatorSinema,SenatorSinema,SenatorSinema,SenatorSinema,
Martha McSally ,Sen,3-Jan-19,SenMcSallyAZ,SenMcSallyAZ,SenMcSallyAZ,SenMcSallyAZ,
Tom Cotton ,Sen,3-Jan-15,SenTomCotton,SenTomCotton,SenTomCotton,SenTomCotton,
John Boozman ,Sen,3-Jan-11,JohnBoozman,JohnBoozman,JohnBoozman,JohnBoozman,
Dianne Feinstein ,Sen,4-Nov-92,SenFeinstein,SenFeinstein,SenFeinstein,SenFeinstein,
Kamala Harris ,Sen,3-Jan-17,SenKamalaHarris,SenKamalaHarris,SenKamalaHarris,SenKamalaHarris,
Cory Gardner ,Sen,3-Jan-15,SenCoryGardner,SenCoryGardner,SenCoryGardner,SenCoryGardner,
Michael Bennet ,Sen,21-Jan-09,SenatorBennet,SenatorBennet,SenatorBennet,SenatorBennet,
Richard Blumenthal ,Sen,3-Jan-11,SenBlumenthal,SenBlumenthal,SenBlumenthal,SenBlumenthal,
Tom Carper ,Sen,3-Jan-01,SenatorCarper,SenatorCarper,SenatorCarper,SenatorCarper,
Chris Coons ,Sen,15-Nov-10,ChrisCoons,ChrisCoons,ChrisCoons,ChrisCoons,
David Perdue ,Sen,3-Jan-15,sendavidperdue,sendavidperdue,sendavidperdue,sendavidperdue,
Johnny Isakson ,Sen,3-Jan-05,SenatorIsakson,SenatorIsakson,SenatorIsakson,SenatorIsakson,
Mazie Hirono ,Sen,3-Jan-13,MazieHirono,MazieHirono,MazieHirono,MazieHirono,
Brian Schatz ,Sen,26-Dec-12,SenBrianSchatz,SenBrianSchatz,SenBrianSchatz,SenBrianSchatz,
Jim Risch ,Sen,3-Jan-09,SenatorRisch,SenatorRisch,SenatorRisch,SenatorRisch,
Mike Crapo ,Sen,3-Jan-99,MikeCrapo,MikeCrapo,MikeCrapo,MikeCrapo,
Dick Durbin ,Sen,3-Jan-15,SenatorDurbin,SenatorDurbin,SenatorDurbin,SenatorDurbin,
Tammy Duckworth ,Sen,3-Jan-17,SenDuckworth,SenDuckworth,SenDuckworth,SenDuckworth,
Mike Braun ,Sen,3-Jan-19,SenatorBraun,SenatorBraun,SenatorBraun,SenatorBraun,
Todd Young ,Sen,3-Jan-19,SenToddYoung,SenToddYoung,SenToddYoung,SenToddYoung,
Joni Ernst ,Sen,3-Jan-19,SenJoniErnst,SenJoniErnst,SenJoniErnst,SenJoniErnst,
Chuck Grassley ,Sen,3-Jan-19,ChuckGrassley,ChuckGrassley,ChuckGrassley,ChuckGrassley,
Pat Roberts ,Sen,3-Jan-97,SenPatRoberts,SenPatRoberts,SenPatRoberts,SenPatRoberts,
Jerry Moran ,Sen,3-Jan-11,JerryMoran,JerryMoran,JerryMoran,JerryMoran,
Mitch McConnell ,Sen,3-Jan-15,McConnellPress,McConnellPress,McConnellPress,McConnellPress,
Rand Paul ,Sen,3-Jan-11,RandPaul,RandPaul,RandPaul,RandPaul,
John Kennedy ,Sen,3-Jan-17,SenJohnKennedy,SenJohnKennedy,SenJohnKennedy,SenJohnKennedy,
Angus King ,Sen,3-Jan-13,SenAngusKing,SenAngusKing,SenAngusKing,SenAngusKing,
Susan Collins ,Sen,3-Jan-97,SenatorCollins,SenatorCollins,SenatorCollins,SenatorCollins,
Ben Cardin ,Sen,3-Jan-07,SenatorCardin,SenatorCardin,SenatorCardin,SenatorCardin,
Chris Van Hollen,Sen,3-Jan-17,ChrisVanHollen,ChrisVanHollen,ChrisVanHollen,ChrisVanHollen,
Elizabeth Warren ,Sen,3-Jan-13,SenWarren,SenWarren,SenWarren,SenWarren,
Ed Markey ,Sen,16-Jul-13,SenMarkey,SenMarkey,SenMarkey,SenMarkey,
Debbie Stabenow ,Sen,3-Jan-01,SenStabenow,SenStabenow,SenStabenow,SenStabenow,
Gary Peters ,Sen,3-Jan-19,SenGaryPeters,SenGaryPeters,SenGaryPeters,SenGaryPeters,
Amy Klobuchar ,Sen,3-Jan-07,SenAmyKlobuchar,SenAmyKlobuchar,SenAmyKlobuchar,SenAmyKlobuchar,
Tina Smith ,Sen,3-Jan-18,SenTinaSmith,SenTinaSmith,SenTinaSmith,SenTinaSmith,
Roger Wicker ,Sen,31-Dec-07,SenatorWicker,SenatorWicker,SenatorWicker,SenatorWicker,
Cindy Hyde-Smith ,Sen,9-Apr-18,SenHydeSmith,SenHydeSmith,SenHydeSmith,SenHydeSmith,
Josh Hawley ,Sen,3-Jan-19,SenHawleyPress,SenHawleyPress,SenHawleyPress,SenHawleyPress,
Roy Blunt ,Sen,10-Apr-18,RoyBlunt,RoyBlunt,RoyBlunt,RoyBlunt,
Jon Tester ,Sen,3-Jan-07,SenatorTester,SenatorTester,SenatorTester,SenatorTester,
Steve Daines ,Sen,3-Jan-15,SteveDaines,SteveDaines,SteveDaines,SteveDaines,
Deb Fischer ,Sen,3-Jan-13,SenatorFischer,SenatorFischer,SenatorFischer,SenatorFischer,
Ben Sasse ,Sen,3-Jan-15,SenSasse,SenSasse,SenSasse,SenSasse,
Jacky Rosen ,Sen,3-Jan-19,SenJackyRosen,SenJackyRosen,SenJackyRosen,SenJackyRosen,
Catherine Cortez Masto,Sen,3-Jan-19,sencortezmasto,sencortezmasto,sencortezmasto,sencortezmasto,
Jeanne Shaheen ,Sen,3-Jan-09,SenatorShaheen,SenatorShaheen,SenatorShaheen,SenatorShaheen,
Maggie Hassan ,Sen,3-Jan-17,Senatorhassan,Senatorhassan,Senatorhassan,Senatorhassan,
Robert Menendez ,Sen,17-Jan-06,SenatorMenendez,SenatorMenendez,SenatorMenendez,SenatorMenendez,
Cory Booker ,Sen,31-Oct-13,SenBooker,SenBooker,SenBooker,SenBooker,
Martin Heinrich ,Sen,3-Jan-13,MartinHeinrich,MartinHeinrich,MartinHeinrich,MartinHeinrich,
Tom Udall ,Sen,3-Jan-09,SenatorTomUdall,SenatorTomUdall,SenatorTomUdall,SenatorTomUdall,
Kirsten Gillibrand ,Sen,26-Jan-09,GillibrandNY,GillibrandNY,GillibrandNY,GillibrandNY,
Chuck Schumer ,Sen,3-Jan-17,SenSchumer,SenSchumer,SenSchumer,SenSchumer,
Thom Tillis ,Sen,3-Jan-15,senthomtillis,senthomtillis,senthomtillis,senthomtillis,
Richard Burr ,Sen,3-Jan-05,SenatorBurr,SenatorBurr,SenatorBurr,SenatorBurr,
Kevin Cramer ,Sen,3-Jan-19,SenKevinCramer,SenKevinCramer,SenKevinCramer,SenKevinCramer,
John Hoeven ,Sen,3-Jan-11,SenJohnHoeven,SenJohnHoeven,SenJohnHoeven,SenJohnHoeven,
Sherrod Brown ,Sen,3-Jan-07,SenSherrodBrown,SenSherrodBrown,SenSherrodBrown,SenSherrodBrown,
Rob Portman ,Sen,3-Jan-11,SenRobPortman,SenRobPortman,SenRobPortman,SenRobPortman,
James Lankford ,Sen,3-Jan-15,SenatorLankford,SenatorLankford,SenatorLankford,SenatorLankford,
Jeff Merkley ,Sen,3-Jan-09,SenJeffMerkley,SenJeffMerkley,SenJeffMerkley,SenJeffMerkley,
Ron Wyden ,Sen,5-Feb-96,RonWyden,RonWyden,RonWyden,RonWyden,
Bob Casey Jr.,Sen,3-Jan-07,SenBobCasey,SenBobCasey,SenBobCasey,SenBobCasey,
Pat Toomey ,Sen,3-Jan-11,SenToomey,SenToomey,SenToomey,SenToomey,
Sheldon Whitehouse ,Sen,3-Jan-07,SenWhitehouse,SenWhitehouse,SenWhitehouse,SenWhitehouse,
Jack Reed ,Sen,3-Jan-97,SenJackReed,SenJackReed,SenJackReed,SenJackReed,
Lindsey Graham ,Sen,3-Jan-03,GrahamBlog,GrahamBlog,GrahamBlog,GrahamBlog,
Tim Scott ,Sen,2-Jan-13,SenatorTimScott,SenatorTimScott,SenatorTimScott,SenatorTimScott,
Mike Rounds ,Sen,3-Jan-15,SenatorRounds,SenatorRounds,SenatorRounds,SenatorRounds,
John Thune ,Sen,3-Jan-19,SenJohnThune,SenJohnThune,SenJohnThune,SenJohnThune,
Marsha Blackburn ,Sen,3-Jan-19,MarshaBlackburn,MarshaBlackburn,MarshaBlackburn,MarshaBlackburn,
Lamar Alexander ,Sen,3-Jan-03,SenAlexander,SenAlexander,SenAlexander,SenAlexander,
Ted Cruz ,Sen,3-Jan-13,SenTedCruz,SenTedCruz,SenTedCruz,SenTedCruz,
John Cornyn ,Sen,2-Dec-02,JohnCornyn,JohnCornyn,JohnCornyn,JohnCornyn,
Mitt Romney ,Sen,3-Jan-19,SenatorRomney,SenatorRomney,SenatorRomney,SenatorRomney,
Mike Lee ,Sen,3-Jan-19,SenMikeLee,SenMikeLee,SenMikeLee,SenMikeLee,
Bernie Sanders ,Sen,3-Jan-07,SenSanders,SenSanders,SenSanders,SenSanders,
Patrick Leahy ,Sen,3-Jan-75,SenatorLeahy,SenatorLeahy,SenatorLeahy,SenatorLeahy,
Mark Warner ,Sen,3-Jan-17,MarkWarner,MarkWarner,MarkWarner,MarkWarner,
Maria Cantwell ,Sen,3-Jan-01,SenatorCantwell,SenatorCantwell,SenatorCantwell,SenatorCantwell,
Patty Murray ,Sen,3-Jan-17,PattyMurray,PattyMurray,PattyMurray,PattyMurray,
Joe Manchin ,Sen,15-Nov-10,Sen_JoeManchin,Sen_JoeManchin,Sen_JoeManchin,Sen_JoeManchin,
Shelley Moore Capito,Sen,3-Jan-15,SenCapito,SenCapito,SenCapito,SenCapito,
Tammy Baldwin ,Sen,3-Jan-13,SenatorBaldwin,SenatorBaldwin,SenatorBaldwin,SenatorBaldwin,
Ron Johnson ,Sen,3-Jan-11,SenRonJohnson,SenRonJohnson,SenRonJohnson,SenRonJohnson,
John Barrasso ,Sen,3-Jan-19,SenJohnBarrasso,SenJohnBarrasso,SenJohnBarrasso,SenJohnBarrasso,
Mike Enzi ,Sen,3-Jan-97,SenatorEnzi,SenatorEnzi,SenatorEnzi,SenatorEnzi,
Phil Roe ,Rep,3-Jan-09,DrPhilRoe,DrPhilRoe,DrPhilRoe,DrPhilRoe,TN-01